Godzilla vs Kong,Acción/Ciencia/Ficción/Thriller,2021,1h 53m,4.11,https://ww1.cuevana3.me/40300/godzilla-vs-kong
Godzilla vs Kong,Acción/Ciencia/Ficción/Thriller,2021,1h 53m,4.11,https://ww1.cuevana3.me/40300/godzilla-vs-kong
Godzilla vs Kong,Acción/Ciencia/Ficción/Thriller,2021,1h 53m,4.11,https://ww1.cuevana3.me/40300/godzilla-vs-kong
Godzilla vs Kong,Acción/Ciencia/Ficción/Thriller,2021,1h 53m,4.11,https://ww1.cuevana3.me/40300/godzilla-vs-kong
Godzilla vs Kong,Acción/Ciencia/Ficción/Thriller,2021,1h 53m,4.11,https://ww1.cuevana3.me/40300/godzilla-vs-kong
Spider-Man: Sin camino a casa,Acción/Aventura/Fantasía,2021,2h 28m,4.19,https://ww1.cuevana3.me/52436/spider-man-no-way-home
Luca,Animación/Aventura/Comedia,2021,1h 41m,4.14,https://ww1.cuevana3.me/44720/luca
Cruella,Comedia/Crimen,2021,2h 14m,4.14,https://ww1.cuevana3.me/43611/cruella
La Liga de la Justicia de Zack Snyder,Acción/Aventura/Fantasía,2021,4h 2m,4.32,https://ww1.cuevana3.me/39793/zack-snyders-justice-league
Encanto,Animación/Aventura/Comedia,2021,1h 39m,4.14,https://ww1.cuevana3.me/51844/encanto
Avengers: Endgame / Vengadores 4,Acción/Aventura/Fantasía,2019,3h 2m,4.25,https://ww1.cuevana3.me/13310/avengers-endgame
Fast &amp; Furious 9,Acción/Aventura/Crimen,2021,2h 25m,3.74,https://ww1.cuevana3.me/43207/f9
Raya y el último dragón,Acción/Animación/Aventura,2021,1h 30m,4.31,https://ww1.cuevana3.me/39146/raya-and-the-last-dragon
Joker,Crimen/Drama/Thriller,2019,2h 1m,4.05,https://ww1.cuevana3.me/21711/joker
Venom 2: Habrá Matanza,Acción/Aventura/Ciencia/Ficción,2021,1h 37m,4.11,https://ww1.cuevana3.me/49626/venom-let-there-be-carnage
Mortal Kombat,Acción/Aventura/Fantasía,2021,1h 50m,3.98,https://ww1.cuevana3.me/41593/mortal-kombat
El Escuadrón Suicida,Acción/Aventura/Comedia,2021,2h 12m,4.1,https://ww1.cuevana3.me/46822/the-suicide-squad
Soul,Animación/Aventura/Comedia,2020,1h 46m,4.23,https://ww1.cuevana3.me/36056/soul
Harry Potter y la piedra filosofal,Aventura/Familia/Fantasía,2001,2h 32m,4.24,https://ww1.cuevana3.me/4129/harry-potter-and-the-sorcerers-stone
Space Jam 2: Nuevas Leyendas,Animación/Aventura/Comedia,2021,1h 55m,4.23,https://ww1.cuevana3.me/46088/space-jam-a-new-legacy
Toy Story 4,Animación/Aventura/Comedia,2019,1h 30m,3.94,https://ww1.cuevana3.me/16941/toy-story-4
